21streaction,21st Reaction,YouTube,https://www.youtube.com/channel/UCxq16Wene-5nkrvi2TunWDA
21streaction,21st Reaction,Odysee,https://odysee.com/@the21stReaction:b
21streaction,21st Reaction,Twitter,https://twitter.com/21st_reaction
academicagent,Academic Agent,YouTube,https://www.youtube.com/channel/UCyawG3aTE7RmNQcFQskDWcw
academicagent,Academic Agent,Substack,https://forbiddentexts.substack.com
academicagent,Academic Agent,Telegram,https://t.me/BertieBassett4Life
academicagent,Academic Agent,Gab,https://gab.com/AcademicAgent
americankrogan,American Krogan,Odysee,https://odysee.com/@americankrogan:3
americankrogan,American Krogan,Telegram,https://t.me/AmericanKrogan
apostolicmajesty,Apostolic Majesty,YouTube,https://www.youtube.com/c/ApostolicMajesty
apostolicmajesty,Apostolic Majesty,Twitter,https://twitter.com/RoyalApostolic
apostolicmajesty,Apostolic Majesty,Gab,https://gab.com/ApostolicMajesty
apostolicmajesty,Apostolic Majesty,Subscribestar,https://www.subscribestar.com/apostolic-majesty
auronmacintyre,Auron Macintyre,YouTube,https://www.youtube.com/c/AuronMacIntyre
auronmacintyre,Auron Macintyre,Odysee,https://odysee.com/@AuronMacIntyre:f
auronmacintyre,Auron Macintyre,Rumble,https://rumble.com/c/c-390155
auronmacintyre,Auron Macintyre,Twitter,https://twitter.com/AuronMacintyre
auronmacintyre,Auron Macintyre,Gab,https://gab.com/AuronMacIntyre
auronmacintyre,Auron Macintyre,Subscribestar,https://www.subscribestar.com/auron-macintyre
auronmacintyre,Auron Macintyre,Merchandise,https://www.redbubble.com/people/auronmacintyre
charlemagne,Charlemagne,YouTube,https://www.youtube.com/c/Charlemagne_III
charlemagne,Charlemagne,Odysee,https://odysee.com/@Charlemagne:0
charlemagne,Charlemagne,Substack,https://charlemagne.substack.com
charlemagne,Charlemagne,Telegram,https://t.me/charlemagne3
charlemagne,Charlemagne,Gab,https://gab.com/Charlemagne_III
clossington,Clossington,YouTube,https://www.youtube.com/c/Clossington
clossington,Clossington,Telegram,https://t.me/Chossingston
columba,Columba,Substack,https://columba.substack.com
columba,Columba,Twitter,https://twitter.com/Columba_1
columba,Columba,Subscribestar,https://www.subscribestar.com/columbkille
computingforever,Computing Forever,Website,https://computingforever.com
computingforever,Computing Forever,YouTube,hhttps://www.youtube.com/c/TheDaveCullenShow
computingforever,Computing Forever,Odysee,https://odysee.com/@ComputingForever:9
computingforever,Computing Forever,Bitchute,https://www.bitchute.com/channel/hybm74uihjkf
computingforever,Computing Forever,Telegram,https://t.me/ComputingForeverOfficial
computingforever,Computing Forever,Gab,https://gab.com/DaveCullen
computingforever,Computing Forever,Subscribestar,hhttps://www.subscribestar.com/dave-cullen
computingforever,Computing Forever,Patreon,https://www.patreon.com/davecullen
daughterofalbion,Daughter of Albion,YouTube,https://www.youtube.com/c/DaughterofAlbion
daughterofalbion,Daughter of Albion,Odysee,https://odysee.com/@DaughterofAlbion:4
daughterofalbion,Daughter of Albion,Telegram,https://t.me/daughterofalbion
endeavour,Endeavour,YouTube,https://www.youtube.com/channel/UCsKBqLQmB1aCVuUC3e14riA
endeavour,Endeavour,Odysee,https://odysee.com/@Endeavour:9
endeavour,Endeavour,Telegram,https://t.me/Royal_Endeavour
endeavour,Endeavour,Gab,https://gab.com/RoyalEndeavour
evelyngrant,Evelyn Grant,Substack,https://antipolitics.substack.com
evelyngrant,Evelyn Grant,Twitter,https://twitter.com/dg115511
ferro,Ferro,YouTube,https://www.youtube.com/channel/UCnQ04NWvy-j47g-0BNRsZew
ferro,Ferro,Twitter,https://twitter.com/FerroEgo
guidetokulchur,Guide to Kulchur,Odysee,https://odysee.com/@gtk:4
guidetokulchur,Guide to Kulchur,Telegram,https://t.me/guidetokulchur
hunger,Hunger,Substack,https://hunger.substack.com
hunger,Hunger,Twitter,https://twitter.com/HungerDye
imperiumpress,Imperium Press,Website,https://www.imperiumpress.org
imperiumpress,Imperium Press,Odysee,https://odysee.com/@ImperiumPress:4
imperiumpress,Imperium Press,Telegram,https://t.me/ImperiumPressOfficial
imperiumpress,Imperium Press,Gab,https://gab.com/ImperiumPress
imperiumpress,Imperium Press,Patreon,https://www.patreon.com/imperiumpress
intellectualembargo,Intellectual Embargo,YouTube,https://www.youtube.com/c/IntellectualEmbargo
intellectualembargo,Intellectual Embargo,Odysee,https://odysee.com/@IntellectualEmbargo:2
joeldavis,Joel Davis,Website,https://firstness.org
joeldavis,Joel Davis,YouTube,https://www.youtube.com/channel/UCinfVjuheJWyiQjue3qfYdA
joeldavis,Joel Davis,Odysee,https://odysee.com/@joeldavis:0
joeldavis,Joel Davis,Telegram,https://t.me/joeldavisx
johndee,John Dee,Twitter,https://twitter.com/iohndee
keithwoods,Keith Woods,YouTube,https://www.youtube.com/channel/UCGe8kzr_18FIOzjkmzGzzuA
keithwoods,Keith Woods,Odysee,https://odysee.com/@keithwoods:e
keithwoods,Keith Woods,Bitchute,https://www.bitchute.com/keithwoods
keithwoods,Keith Woods,Entropy,https://entropystream.live/app/keithwoods
keithwoods,Keith Woods,Telegram,https://t.me/keith_woods
keithwoods,Keith Woods,Subscribestar,https://www.subscribestar.com/keith-woods
keithwoods,Keith Woods,Patreon,https://www.patreon.com/keithwoods
lambda,Lambda,YouTube,https://www.youtube.com/channel/UCj_9DU59oIHa_pt2aEphniA
lambda,Lambda,Discord,https://discord.gg/WhxB23gB37
lambda,Lambda,Gab,https://gab.com/thereallambda
cringewalker,Lutheran Knight Cringewalker,YouTube,https://www.youtube.com/user/Gormanmod
cringewalker,Lutheran Knight Cringewalker,Twitter,https://twitter.com/krinjewolker
cringewalker,Lutheran Knight Cringewalker,Substack,https://luthknight.substack.com
marcusfuriuspertinax,Marcus Furius Pertinax,Twitter,https://twitter.com/FuriusPertinax
millennialwoes,Millennial Woes,Website,https://www.millennialwoes.com
millennialwoes,Millennial Woes,Odysee,https://odysee.com/@millennialwoes:4
millennialwoes,Millennial Woes,Entropy,https://entropystream.live/app/MW
millennialwoes,Millennial Woes,Telegram,https://t.me/millennialwoes
millennialwoes,Millennial Woes,Subscribestar,https://www.subscribestar.com/millennialwoes
morgothsreview,Morgoth's Review,YouTube,https://www.youtube.com/c/MorgothsReview1
morgothsreview,Morgoth's Review,Odysee,https://odysee.com/@MorgothReviews:5
morgothsreview,Morgoth's Review,Substack,https://morgoth.substack.com
morgothsreview,Morgoth's Review,Telegram,https://t.me/MorgothsReview
morgothsreview,Morgoth's Review,Gab,https://gab.com/MorgothReview
morgothsreview,Morgoth's Review,Subscribestar,https://www.subscribestar.com/morgoth-s-review
mrpatriarch,Mr. Patriarch,YouTube,https://www.youtube.com/channel/UC4W0613PdnkBupKL4Ywjf9w
mrpatriarch,Mr. Patriarch,Odysee,https://odysee.com/@Mr.Patriarch:b?r=3p7xb73QtqsgkKg8VDb9MFgAesKWMtsD
mrpatriarch,Mr. Patriarch,Telegram,https://t.me/joinchat/5_L_2fsQYocyZmI0
ourospost,Ourospost,YouTube,https://www.youtube.com/channel/UCtkdpckcge-V76iGE-3rTRw
ourospost,Ourospost,Bitchute,https://www.bitchute.com/channel/J2uGaic64z4E
ourospost,Ourospost,Odysee,https://odysee.com/@ouros:1
ourospost,Ourospost,Substack,https://ourospost.substack.com
ourospost,Ourospost,Twitter,https://twitter.com/OccidentalMonk1
panamahat,Panama Hat,YouTube,https://www.youtube.com/channel/UCEJKKIn8WzdSE24EzBkqgoQ
panamahat,Panama Hat,Twitter,https://twitter.com/VerseByHat
paulfahrenheidt,Paul Fahrenheidt,Substack,https://paulfahrenheidt.substack.com
paulfahrenheidt,Paul Fahrenheidt,Twitter,https://twitter.com/cavkingpaul
philosophicat,Philosophicat,YouTube,https://www.youtube.com/c/philosophicat
philosophicat,Philosophicat,Odysee,https://odysee.com/@philosophicat:0
philosophicat,Philosophicat,Telegram,https://t.me/philosophicat
philosophicat,Philosophicat,Twitter,https://twitter.com/Philosophi_Cat
praiseoffolly,Praise of Folly,YouTube,https://www.youtube.com/channel/UCh9mnprK8vtFuHkHyl_ffCw
praiseoffolly,Praise of Folly,Twitter,https://twitter.com/PoFPodcast
radicalliberation,Radical Liberation,YouTube,https://www.youtube.com/c/RadicalLiberation
radicalliberation,Radical Liberation,Odysee,https://odysee.com/@RadicalLiberation:7
radicalliberation,Radical Liberation,Telegram,https://t.me/RadicalLiberation
radicalliberation,Radical Liberation,Gab,https://gab.com/RadicalLiberation
radicalliberation,Radical Liberation,Twitter,https://twitter.com/RadicalLib
ragingmandrill,Raging Mandrill,YouTube,https://www.youtube.com/channel/UCxQQ40yGsMEjbuEvO7xrl8A
ragingmandrill,Raging Mandrill,Substack,https://ragingmandrill.substack.com
ragingmandrill,Raging Mandrill,Twitter,https://twitter.com/edgymandrill
redhawk,RedHawk,Twitter,https://twitter.com/redpilledhawk
ryanturnipseed,Ryan Turnipseed,YouTube,https://www.youtube.com/channel/UCoJ9VPc1Cl8F0DPR-6DJpRg
ryanturnipseed,Ryan Turnipseed,Gab,https://gab.com/TurnipMerchant
ryanturnipseed,Ryan Turnipseed,Twitter,https://twitter.com/TurnipMerchant
semiogogue,Semiogogue,YouTube,https://www.youtube.com/c/Semiogogue
semiogogue,Semiogogue,Odysee,https://odysee.com/@Semiogogue
semiogogue,Semiogogue,Bitchute,https://www.bitchute.com/channel/VwTwbdCAPwzS
semiogogue,Semiogogue,Telegram,https://t.me/Semiogogue
semiogogue,Semiogogue,Twitter,https://twitter.com/Semiogogue
semiogogue,Semiogogue,Gab,https://gab.com/Semiogogue
semiogogue,Semiogogue,Subscribestar,https://www.subscribestar.com/semiogogue
semiogogue,Semiogogue,GoFundMe,https://www.gofundme.com/semiogogue-support
settlerslament,Settler's Lament,YouTube,https://www.youtube.com/settlerslament
settlerslament,Settler's Lament,Twitter,https://twitter.com/settlerslament
settlerslament,Settler's Lament,Discord,https://discord.com/invite/PGTzGSq
settlerslament,Settler's Lament,Subscribestar,https://www.subscribestar.com/settlerslament
settlerslament,Settler's Lament,Patreon,https://www.patreon.com/settlerslament
skepticalwaves,Skeptical Waves,YouTube,https://www.youtube.com/c/SkepticalWaves
skepticalwaves,Skeptical Waves,Odysee,https://odysee.com/@skepticalwaves:7
skepticalwaves,Skeptical Waves,Twitter,https://twitter.com/SkepticalWaves
skepticalwaves,Skeptical Waves,Subscribestar,https://www.subscribestar.com/skepticalwaves
thedistributist,The Distributist,YouTube,https://www.youtube.com/c/TheDistributist
thedistributist,The Distributist,Odysee,https://odysee.com/@distributist:e
thedistributist,The Distributist,Telegram,https://t.me/distributist
thedistributist,The Distributist,Subscribestar,https://www.subscribestar.com/distributist
theprudentialist,The Prudentialist,YouTube,https://www.youtube.com/channel/UCDoiJEufoWOzn4G6iiKHI9w
theprudentialist,The Prudentialist,Odysee,https://odysee.com/@MrPrudentialist:4
theprudentialist,The Prudentialist,Substack,https://theprudentialist.substack.com
theprudentialist,The Prudentialist,Telegram,https://t.me/joinchat/UYY5kAnKqA1kMzMx
theprudentialist,The Prudentialist,Gab,https://gab.com/The_Prudentialist
theprudentialist,The Prudentialist,Twitter,https://twitter.com/MrPrudentialist
theprudentialist,The Prudentialist,Subscribestar,https://www.subscribestar.com/the-prudentialist
xurious,Xurious,Twitter,https://twitter.com/xuriousmusic
xurious,Xurious,Bitchute,https://www.bitchute.com/channel/BvUH3AiKofH8
xurious,Xurious,Gab,https://gab.com/xurious
xurious,Xurious,Telegram,https://t.me/xurious
xurious,Xurious,Odysee,https://odysee.com/@xuriousmusic:2
